{"cameraMode":{"drawMode":0,"name":"Shaded","section":"Shading Mode"},"sceneLighting":true,"audioPlay":false,"sceneViewState":{"showFog":true,"showMaterialUpdate":false,"showSkybox":true,"showFlares":true,"showImageEffects":true,"showParticleSystems":true},"in2DMode":false,"pivot":{"x":6.4625701904296879,"y":-1.0642582178115845,"z":1.155502200126648},"rotation":{"x":0.16419897973537446,"y":0.025150947272777559,"z":-0.0041879815980792049,"w":0.9860978126525879},"size":67.99264526367188,"orthographic":false}